Nguyen Van Nam,20/12/1999,male,123 123 456,0123456789,vannam@gmail.com,Gold,Da Nang
Nguyen Van Tuan,20/11/1999,male,321 645 852,1234568790,vantuan@gmail.com,Vip,Quang Nam
Nguyễn Tuấn Anh,11/11/1997,female,589 665 126,1354984654,tuananh@gmail.com,Diamond,Hue
Nguyen Van A,20/11/1995,unknown,123 456 789,01234548454,sađà12@gmail.com,Gold,Hà Nội
Trần Văn Tám,11/07/1989,male,102 567 522,1356982222,vantam89@gmail.com,Platium,Quang Ngãi
Lê Trọng Tấn Tuyên,20/09/1998,male,228 771 665,0135598989,tantuyen@gmail.com,Silver,Quảng Ninh
Trần Thị Ngọc Bich,08/03/1992,female,539 561 158,0369858596,ngocbich@yahoo.com,Diamond,Hà Nội
Trần Thị Tuyết Mai,13/06/1991,female,568 789 156,0123685940,tuyetmai91@gmail.com,Platium,Ninh Bình
Nguyen Van,01/12/1994,female,123 799 789,0125386789,dk566jgh@gmail.com,Sliver,Da Nang
Nguyen Van,10/05/1997,male,123 456 789,0123456789,dkfjgh@gmail.com,Gold,Da Nang
Nguyen Van,10/05/1997,male,123 456 789,0123456789,dkfjgh@gmail.com,Gold,Da Nang
